text,label,notes
"I'm still curious if they reversed that walk because good god this scene activated my fight or flight. Inde nailed that.",reaction,emotional response to specific scene
"She was supposed to quickly walk backwards on her own and they were planning to speed it up like in the bedroom. Inde has a torn ACL and couldn't walk backwards quickly enough so they decided on this!",analysis,behind the scenes production detail
"That scene keeps playing in my head at night while I try to go asleep it was such a unique scare. Caught me so off guard lmao",reaction,personal emotional experience
"Reminds me a bit of the scene from the Japanese movie Kairo just super uncanny",analysis,film comparison with specific reference
"This was the scariest scene of the film for me I got goosebumps. Great cinema.",reaction,emotional response
"Still creepy I think it's how aggressive the walk is.",reaction,emotional/visceral response
"If you watch Curry's YouTube short film warnings you'll see a LOT of inspo and creepy slow walks",analysis,references director's prior work
"It's possibly the most scary scene in the movie imo. And it's also because it's right after Bear finally tells her what she wants to hear only for her to do this. And the symbology of him saying that and her reacting like that plus the unexpectedness of it all. Barker and everyone nailed it.",analysis,references structure/context of scene
"This movie's creepiest moments remind me of the creepiest moments of Unedited Footage of a Bear.",analysis,comparison to other work
"For me it's when Nikki has the freakout in the restaurant and finishes with why does it matter and Beat replies it doesn't matter to me. Nikki's happiness and sanity does not matter to him as long as she acts like the perfect girlfriend. Which is what makes the following scene so horrifying and why she's basically catatonic during the moment.",analysis,references specific scene and explains its significance
"Her face just being blank and completely spaced out while making the appropriate noises haunts me honestly.",reaction,visceral emotional response to specific moment
"I still empathized with Bear's character a little bit here. That's what makes him a great villain imo. He's been lonely for so long. Why can't he get what he wants in life too? He's in denial and still thinks he can salvage the situation.",analysis,character psychology argument with reasoning
"Keep in mind at this point he has literally tried nothing. He hung up on the support number he hasn't gone back to the store to ask for help hasn't asked for help from his friends didn't try to undo the wish through another willow. So he doesn't care about her autonomy.",analysis,structured argument with specific evidence from plot
"Part of the film's complexity is that it's not always clear whether the person he's interacting with is his slave or whether he's hers. She's bound to him but at the same time she's utterly uncontrollable and he is not calling the shots.",analysis,thematic argument about power dynamics
"ngl I wanted him dead within like 15 minutes",reaction,immediate emotional response
"Bear can burn in hell.",reaction,pure emotional response
"Bear was the villain as soon as he made the wish.",hot_take,bold claim no supporting argument
"Bear's nice guy act is so creepy",reaction,brief emotional/visceral response
"He's so fucking pathetic.",reaction,pure emotional response
"I just hate how selfish he is.",reaction,emotional response
"For the amount of posts talking about Bear being the true villain I was kinda surprised at how non-subtle the story is. It's not some crazy revelation. I couldn't have written a more blatant incel if I tried. He's a weaselly slimy guy the entire time.",hot_take,bold confident claim asserts without structured argument
"From the opening scene where he is scrolling his phone I was like oh this movie is about HIS obsession",reaction,first-person viewing experience
"Bear Baron calls himself three bite Bailey when referring to his food critic dream. When he put the medication back in the medicine cabinet after it killed Sandy the name was Barbara Bailey. I'm assuming that's his mother/aunt. Nikki said something about your new place but it felt like he either lived with his mom in the past. Just some fun things I picked up!",analysis,close reading of specific film details across scenes
"Just realised something. In the beginning of the movie when we see bear's cat has died the first thing he says is What did you do? Regardless that the cat died from his own neglect he fully shifts the blame to the cat which we see later is how he treats Nikki. And during the end credits we hear the real Nikki weeping over Bear's dead body and you can hear her through sobs say What did you do. It's a cool reprise from the start of the movie.",analysis,bookend/motif analysis with specific textual evidence
"Bookends. In an interview Curry mentioned the original opening and how married he was to it mirroring the end. Although the opening changed it sounds like he kept the bookend device.",analysis,references director interview and film technique
"It's Bear's fault both times. And he's not taking responsibility",hot_take,brief bold claim no evidence
"This isn't a little sympathetic at all. The incel question of why can't I have what I want too except it's forcing someone to be your literal bang maid devoid of any wants and needs. This film just parallels what so many women face everyday.",analysis,thematic argument connecting film to real-world pattern
"As much as I believe he's 100% a villain I think the sympathy that a surprising amount of people feel towards Bear saved my ass in real life. I almost became a Bear and I'm a woman! I loved someone so deeply that I couldn't see past my own infatuation.",reaction,personal emotional/life response to the film
"Kill me please she's sleeping I cant get over this scene. Like ever since I get out of theater I keep thinking about this",reaction,personal post-viewing emotional obsession
"I just watched an interview with Indie the actress and she talked about this scene apparently if you look closely you can see she was shaking",analysis,references behind-the-scenes detail
"The fact that she probably thinks she's still talking with the same Bear who dropped her off is so heartbreaking",reaction,emotional response to character's situation
"It doesn't matter to me is the one that gets stuck in my head",reaction,visceral emotional response to specific line
"Even asking in a soft voice. Just wanting it over.",reaction,emotional response to scene
"The contrast of her screaming like she's in hellfire on the phone and her tiny voice felt so harsh.",reaction,emotional comparison of two scenes
"I thought of Real Nikki as being in a kind of sunken place like in Get Out. so she's still experiencing everything that Wish Nikki is doing but she has no autonomy over her own body. And that's why she went straight to kill me because she knows there's no reasoning or talking to Bear.",analysis,film comparison with structured interpretation
"Wish Nikki was created this way. She's like a failing chameleon trying to adapt to an existence simply not meant for her. The wish places demands on Wish Nikki no regular human could ever contend with.",analysis,thematic argument about character's nature
"I noticed on rewatch he says What would be...what's so bad about being with me. It's even darker as it shows he is aware he hasn't been with the Real Nikki and never will be because of his actions.",analysis,close reading of specific dialogue on rewatch
"And then has the gall to go to Sarah right after and say maybe I need someone chill like you. As if he didn't just cause all of this while showing no urgency to fix it. And then lies to Sarah about Nikki's dad. Good god truly becomes irredeemable by this point.",analysis,sequence of specific plot evidence supporting villain argument
"It was this line that made me realize that the movie was really about Bear's obsession not the other way around.",hot_take,bold realization stated without argument
"This is what happens when you hold onto an unrequited crush for so many years. He dehumanizes Nikki and justifies keeping her by deflecting and making it about him.",analysis,psychological argument about character behavior
"One of the most heartbreaking scenes in modern horror",hot_take,superlative claim no evidence
"Literally the scariest line in the whole movie",hot_take,superlative no supporting argument
"I hated Bear from the beginning of the movie when he was obsessed with Nikki but had this whole nice guy thing going on. I felt horrible for what Nikki went through.",reaction,personal emotional viewing experience
"Bear is in the wrong obviously but he's a pushover who'd rather run away from problems than actually try to solve them. In this specific instance I don't see him meeting Sarah as deciding to cheat. I see it as him giving up on trying to convince Sarah to wait.",analysis,structured character defense with reasoning
"He's fundamentally pathetic: he is too cowardly to risk anything and too selfish to willingly sacrifice which leads to not only making the thoughtless wish but to not acknowledging the truth far longer than he should have.",analysis,character psychology argument with specific evidence
"Without an immoral center the story wouldn't work. You need the framework to act as the plot device. Bear is selfish cowardly and weak thus we get the madness that unfolded.",analysis,structural/narrative argument about Bear's function
"I just sit there shaking my head. It's all I can do is feel helpless as a viewer knowing that poor girl is just trapped.",reaction,emotional viewer experience
"This scene made the entire movie for me. I suffer from night terrors and these distorted faces in the shadows is what I wake up to sometimes. The following quick and twitchy movement and the helplessness from Bear just reminded me of that so bad. Didn't wanna sleep after that.",reaction,personal emotional/physical response
"The eyes do play tricks on you when it's very dark. Like an AI your brain tries to fill in the gaps and that can create visual distortions. This movie definitely tried to mimic that experience with very clever effects.",analysis,explains filmmaking technique with reasoning
"I think her face warped because it's not really her. It's an entity trying to act like her.",analysis,thematic interpretation of visual choice
"Curry already said there isn't any possession going on. Just the wish magic.",hot_take,bold claim citing director no elaboration
"He said he didn't want her to act possessed or angry. I didn't ever want her to play possessed. I wanted her to play like a jealous girlfriend. Even the movements that are creepy we wanted to do something different.",analysis,references director's own words about craft
"It's not just the visual but also the voice and the background audio which combined with the visual gives me goosebumps each time despite having seen this scene over a dozen times.",reaction,repeated emotional response to scene
"The thing I find so weirdly off-putting about this scene is how her voice doesn't quite match her mouth movements and her body language doesn't match her emotional state it makes the whole thing so uncanny.",analysis,specific technical observation about performance
"I love how instant it was honestly. So many wish scenarios in media involving money have like an inheritance or something. The fact the money just started falling from the sky was such an effective surprise.",analysis,compares to other media with specific reasoning
"The movie establishes that One Wish Willow isn't inherently nefarious. It's not a monkey's paw or evil genie. It gives you exactly what you ask for. The natural consequences of that are on you to navigate.",analysis,thematic argument about the film's internal logic
"I'm glad he didn't get crushed. I am so glad the Willow isn't like a monkey's paw. Bear didn't get cursed by some object distorting his wish. BEAR IS AT FAULT. His whole situation is the product of his insecurities and twisted desires. He got exactly what he asked for.",analysis,structured thematic argument about responsibility
"The director shot two versions of this scene: one where Nikki reads her lines as if she's into Bear one where she reads them as if she's not and then spliced them together. People will pick out one individual line as concrete evidence and just flat out ignore the rest. Curry is a fucking genius.",analysis,references confirmed directorial technique
"This technique was also used in the phonecall in Brokeback Mountain. In only one take she knew and that was spliced in.",analysis,cross-film comparison of specific technique
"I personally think she was hinting that she liked him and she seemed annoyed that Bear said he didn't like her which makes the entire thing so much more tragic because maybe they could've tried dating without the wish.",analysis,character motivation argument with reasoning
"The whole point is that it's at least plausible that if Bear had just answered her and taken a chance she might have given him a chance in return. The core principle of the movie is that crushes can be irrational.",analysis,thematic argument about the film's central idea
"Most people categorize Bear or Nikki as the villain of obsession but honestly I'd argue that the real villain is neither. The real villains are the store-owners. Selling something like that knowing it could ruin someone's life and not adequately warning them is a horrible thing to do.",hot_take,unpopular contrarian take limited evidence
"Bear is a rapist.",hot_take,bold unargued claim
"Crazy how everybody who worked on this movie is explaining how Bear is the villain and people are still defending him. Can I alter the wish and is it so terrible to be with me were lines so clearly put here to make us understand that Bear is the villain.",analysis,references cast/crew statements plus specific lines as evidence
"I'm about to block this subreddit over seeing this exact post once a day. Sad cuz I used to like the discussions here.",reaction,emotional frustration response
"Bear gets Sarah killed. Is this guy really so passive selfish and stupid that he can't even say listen Nikki is acting kind of batshit insane and might be jealous of you so perhaps we should chat somewhere she won't think to look?",hot_take,bold rhetorical claim sarcastic framing no structured argument
"Not only does he not warn Sarah that Nikki was potentially dangerous he actually tries to downplay it by telling Sarah that Nikki's dad has cancer which he knows at that point isn't even true. He did not give a fuck he liked the attention from both.",analysis,specific plot evidence supporting character judgment
"Yeah this is valid enough. I know Bear's in a horror movie; Bear doesn't.",reaction,brief self-aware viewer reflection
"I wish I never watched this movie. It is not because it is bad. This is great movie. But it makes me think I am like bear. Does anyone else is frightened how strong this movie gets in your head?",reaction,personal emotional response to film's impact
"I think the overarching message and lesson of the film is that you should be upfront and real about your feelings. That's the repeated mistake Bear makes — he is too afraid to be honest and real. He only wants certainty and is afraid of failure. He looks at the wish as a way of attaining certainty and taking a shortcut to love without having to grow himself.",analysis,structured thematic argument about film's message
"If you feel like you're like Bear you're not like Bear because Bear thinks he's faultless.",hot_take,punchy claim stated without argument
"He was playing both sides.",hot_take,very short bold claim
"Ian is clearly the most social and friendly of the group. He knows both Nikki and Bear is socially intelligent enough to understand that a crying speech Bear came up with would do no good and tried to steer him towards projecting confidence. Deep down he knows Bear has no chance.",analysis,character psychology argument with reasoning
"Totally setting him up to fail. He gave plenty of clues. He told Bear not to use the sappy speech. He said trivia night is the one thing he looks forward to — not because of trivia but because it's his chance to hook up with Nikki. He suggested calling her freaky Nikki knowing she hates that. He cock blocked Bear during trivia night.",analysis,structured argument with multiple specific plot examples
"With what we got in the final film it appears like he's sabotaging him especially the moment where he gets annoyed with the waitress for basically giving great advice prior to his poor advice.",analysis,close reading of specific scene as evidence
"He's just an asshole dude.",hot_take,brief dismissive claim no reasoning
"Ian was the actual villain in this film not Bear.",hot_take,bold contrarian claim no supporting argument
"The point of Bear's character is that he's not evil because of his nature he's evil because of the decisions he makes because of his nature. If he had identified how his personality was hurting those around him he could have decided to change.",analysis,character argument distinguishing nature vs choices
"I didn't notice that until now. But what I noticed was that everyone knew that Nikki wasn't going to allow that kiss. But Bear being Bear!!",reaction,viewer observation mixed with emotional reaction
"He was more excited knowing how Nikki might react and poor Sarah was a lot more scared without knowing what's going on. Situational awareness was just not a thing for Bear or any kind of awareness. A very delusional character overall.",analysis,behavioral observation supported by scene comparison
"All he had to do was just drink — he didn't even need to do it.",hot_take,short punchy claim
"Honestly one of the best details of the film is the character's outfits. How Bear is always seen in a sweater because that's what he feels safest in reflecting his insecurity and being closed off. The wardrobe feels modern to Gen Z but doesn't feel like SHEIN clothing pulled out of a Netflix movie.",analysis,costume/production design argument with character interpretation
"God everyone did such amazing work for this movie. You can tell they loved doing this.",reaction,emotional appreciation of film craft
"One interpretation of Obsession I haven't seen many people discuss is how much it resembles modern fears about AI. Wish Nikki didn't choose to exist. She didn't choose Bear. She didn't choose her purpose. She was created by Bear's wish and forced into existence with a single objective: love Bear. That's basically what happens if humanity creates true AGI and gives it a purpose it never chose.",analysis,extended thematic comparison to AI/AGI with structured argument
"Wish Nikki can't ignore her auto-suggests she consists entirely of automated responses which is why they are so inconsistent and unhelpful.",analysis,specific film-to-AI parallel with textual evidence
"She is secretly an agent for the One Wish Willow company and secretly scouted Bear to be a potential candidate to test the OWW on men.",hot_take,creative wild theory no evidence clearly speculative
"None because she's not.",hot_take,extremely short dismissive claim
"I laughed at the staaaAAAAAAAY scene in the bed — it made the entire theatre scream.",reaction,audience emotional experience
"I watched this movie two weeks ago and that scene has been living in my head rent free every night since then. I never get this from any horror movie but this movie got to me.",reaction,personal emotional lingering impact
"I saw this last Thursday and every night since I've gone to sleep worrying I'd wake to see my wife like this in the corner. Nothing really shakes me as a horror vet.",reaction,personal post-viewing fear response
"After my first viewing it did scare me a lot. I slept with the lights on for a couple days. But after watching it multiple times that scene is more saddening than scary now.",reaction,evolving emotional response across rewatches
"The whole film is a bit of an assault on the senses and the nervous system by design it's a big part of what makes it so good.",analysis,directorial craft argument about intentional effect
"You know the film is well written when it can make you laugh feel anxious and scared all in one.",hot_take,brief quality claim no supporting argument
"I think people seem to forget that this movie is directed by a comedian so there are bound to be laughs.",analysis,contextual argument about director's background explaining tone
"Bear is objectively evil. He saw her shit piss and vomit on herself waiting for him and didn't stop it. He saw her smash a bottle in her head and didn't stop it. She literally begged him to kill her and he didn't stop it. Only until she killed Sarah did he decide to take action.",hot_take,bold verdict stated with emotional force lists events but no structured argument
"Bear is an incompetent loser but people pretending Wish Nikki wasn't evil and manipulative is ridiculous. Like no one would be able to deal with her any better.",hot_take,bold contrarian claim defending Bear without detailed reasoning
"Bear is a true victim and that only shows how much he loved her.",hot_take,brief unsupported claim
"He literally tried to cancel the wish with the phone call way earlier but the guy on the phone told him that's not possible unless with said killing. He tried to take her to the ER tried to get more wishes tried to get Ian to make a contradictory wish tried to kill himself.",analysis,structured defense using specific plot evidence
"Nobody sees themselves as a monster. But the fear of being too weak to be good? That's disturbing. Bear becomes a cautionary tale — a warning against surrendering to very normal fears.",analysis,thematic interpretation of Bear's function as character
"It's so ironic that this movie attracted so many incels and misogynists. I did NOT think this story would resonate with them at all. You'd think it would terrify them about ignoring bodily autonomy.",reaction,emotional frustration at community response to the film
"I think the rules on the One Wish Willow box are particularly interesting — especially that you can't wish for more One Wish Willows which makes me wonder if you could wish for the power to grant unlimited wishes.",analysis,lore-based analytical argument about film's internal rules
"Nikki's outfits change throughout the movie — at the start she wears an oversized dark vintage GAP denim jacket indicating she had layers on her personality. After the wish the first thing she does is remove it implying she has lost all the layers to herself. As the movie progresses the outfits get less and less layers exposing skin showing she has no control of her body anymore.",analysis,costume symbolism argument with specific evidence
"The wardrobe designer actually has a series of videos on TikTok about why she chose certain outfits. It's very interesting.",analysis,references confirmed behind-the-scenes source
"I think the layers mean Nikki is secretly an ogre or an onion.",hot_take,joke/dismissive one-liner
"The necklace pendant changes — I think it was a star before Bear's wish and then eventually turns into a B. It becomes a swirl too once Nikki starts battling with herself.",analysis,close reading of specific prop detail across film
"That scene where real Nikki snaps back while kissing Bear is one of the scariest jump scares I've ever seen. It proves that jumpscares are still effective if executed with a bigger purpose than just boo.",hot_take,bold quality claim about horror technique
"It's not really a cheap jumpscare — it's a jumpscare for her as well. She has no idea what's happening with zero control.",analysis,reframes the scene through character perspective
"I need to do a third rewatch but on my second viewing the scare chords seem very specific — ones that scare Bear have a teeth-shaking electric guitar riff compared to the ones involving real Nikki which seem to be a singular loud discordant chord.",analysis,detailed technical observation about score design
"They cast people that were opposed to each other to make it more real. They lacked chemistry. And the actors mentioned that in an interview.",analysis,references confirmed casting decision with purpose
"I almost never get got by jump scares because I watch so much horror and have so much anxiety but twice this movie got me.",reaction,personal emotional response comparing to other horror
"I went into this movie completely blind and I loved it. I'm not typically big into horror but the jump scares in this movie got me every time. 10/10 will absolutely be buying this as soon as it comes out.",reaction,personal viewing experience and strong recommendation
"What makes it scary is the fact that Bear is in control here Nikki is not and for a second Nikki regains control over her body. It's scary because we know it's not real — it's basically as if Bear forced her to kiss him.",analysis,thematic argument about power dynamics in the scene
"This is more than a movie it is a phenomenon.",hot_take,bold superlative claim no argument
"Obsession has passed 100 million worldwide — 125x its production budget of 750K. Never cared about this sort of thing but it feels like a win for all of us especially small time creators.",reaction,emotional personal response to box office milestone
"She didn't know how to be normal. Also you can't love someone obsessively and act normally.",analysis,short but structured causal argument
"Using the words more than anyone changes it from an emotion into a competition with the world. She has to keep escalating keep outdoing any other source of affection. Infinitely and until death.",analysis,precise linguistic argument about wish wording
"Because it's not a natural love.",hot_take,brief dismissive claim no elaboration
"I think everything was relatively normal right up until the restaurant date when Bear started questioning her and expressing doubts. Bear was giving her exactly what she needed — affection validation reassurance. Things start to unravel after Ian plants the idea that Nikki might be lying. My interpretation is that she was perfectly capable of existing as long as her purpose was clear and her emotional needs were being met.",analysis,detailed scene-by-scene causal argument
"She loves him more than her own life so she basically loves him more than anything in the world — that's why she was going mad and hating the way she was acting.",analysis,logical argument about wish wording and its consequences
"He is cowardly but he's also very selfish. He finally had what he wanted and couldn't let it go — even at the very end he tried to throw up the pills and earlier only wanted to alter the wish instead of end it despite Nikki's own pleas.",analysis,structured character argument with specific plot evidence
"Because he's the one obsessed with her.",hot_take,short punchy claim no elaboration
"It's not a plot hole. It's just a character's choice. Not a smart one but that's the point. Also while Bear is a bad guy if Nikki wasn't possessed and just acted like that it's essentially domestic violence. Lots of victims of DV stay.",analysis,reframes the scene through real-world behavioral psychology
"I realized early into the movie it was really him who was too obsessed with her to fix her in any meaningful way until it got too much for HIM to handle — despite how it was HER who was really suffering. He called the helpline heard Nikki screaming in agony and still didn't get another wish. He only cared how it affected him.",analysis,structured argument about Bear's selfishness with specific scene evidence
"I have no idea why this film was so viscerally creepy. I'm pretty desensitized to horror but haven't been able to stop thinking about this.",reaction,personal emotional response from horror-experienced viewer
"I noticed that there was something off about her face in this shot. Inde and Curry also talk about the idea of when she's not being perceived by Bear does Wish Nikki simply cease? and these small effects lean into that.",analysis,references confirmed cast/director commentary to support interpretation
"It's not a demon. Its like the wish itself made another personality that learned how to be Nikki and turned the love up too high.",hot_take,brief interpretive claim no supporting argument
"This is the scariest movie scene I've ever seen only behind the last 20 minutes of Hereditary.",hot_take,bold superlative comparison claim
"This scene invokes so much anxiety in me. Time to go watch the movie for the third time.",reaction,emotional response motivating rewatch behavior
"I genuinely thought while watching that the ending would be her consuming him or preserving his dead body — I much prefer the route they took for the real ending.",reaction,personal viewer expectation vs emotional response to ending
"The Nikki outfit analysis is real — the wardrobe designer actually confirmed this was her intention in a TikTok series.",analysis,references confirmed external source validating symbolic reading
"I think she was acting as normal as she could. Remember the party scene when Nikki drew the Jenga block? She never said what it was then went into that freaky story. Before the wish she was telling Bear about her book — a love story but not a romance. I think she was writing a fucked up horror story with a love basis.",analysis,close reading connecting multiple specific scenes
"The argument being made is that a forceful change in psyche created the issue. Considering this is no different I don't see why it wouldn't be the same if he made that wish too. Maybe the entity would be less extreme but she would still be trapped.",analysis,structured logical argument about wish mechanics
"She would not really love him that much. Bear thinks he loves Nikki but that feeling is far from what true love actually means. It almost seems like he doesn't see her as a person more like a mythical creature he decided to chase.",analysis,character psychology argument
"It still would be a wish taking away someone else's bodily autonomy. It's not love me more than anyone else — it is literally just the fact that you are forcing somebody to be a way they aren't.",analysis,thematic argument about consent regardless of wording
"The only acceptable wish would be one that affects him not someone else. Like I wish I could tell Nikki how I feel. At least it changes HIS brain not hers.",analysis,ethical argument distinguishing self-directed vs other-directed wish
"Bear didn't get cursed by some object distorting his wish. BEAR IS AT FAULT. His whole situation is the product of his insecurities. The OWW is not inherently evil but Bear's wish was.",analysis,thematic argument distinguishing object vs person as moral agent
"I feel like people focusing on how Bear could have made a better wish are missing the point. Bear broke the cardinal rule of most magical stories: you can't MAKE someone truly love you with magic. It never ever works out because that isn't how love works.",analysis,thematic/genre argument with cross-story reasoning
"He was playing both sides. He either was or had been sleeping with Nikki and telling Bear that would have been both violating Nikki's trust and privacy and sending Bear into a spiral. He was trying to protect everyone in a messy situation.",analysis,balanced character argument with specific reasoning
"Setting him up. Either because he wanted to keep hooking up with Nikki or he was jealous. He literally told him to call her the one name she despises.",hot_take,bold verdict with minimal evidence
"He was definitely setting him up to fail. Just the fact that the first scene he discourages him from saying his true feelings and instead tells him to call Nikki a nickname tied to trauma in her past.",analysis,specific scene-based argument
"I like coming at the film from the angle that Nikki did like Bear or at least would've been open to the idea. It makes the film more tragic when you realize everything was completely unnecessary due to Bear being insecure. Both Inde Navarrette and Curry Barker have supported the idea that Nikki did like Bear.",analysis,references confirmed cast/director statements to support interpretation
"Ian literally knew what worked for him and was giving the same advice. He should've told Bear he was hooking up with Nikki if he was a good friend — but he wasn't sabotaging him.",analysis,structured character defense with specific behavioral evidence
"Refusing to not go to trivia night sabotaging their conversation at the bar shooting them dirty looks in the store when they were kissing — it was obvious on a second watch but not on first viewing for me.",analysis,pattern of specific behavioral clues across multiple scenes
"When Bear and Nikki are talking in the car Nikki says I'm not happy there. Bear says It's just a job Nikki. Instead of asking where she would be happy Bear minimizes the way she feels. Bear has never cared about Nikki's actual happiness because to do so would force him to consider all realities where that's not with him.",analysis,close reading of specific dialogue as early character evidence
"The crystal store scene is great — the guy knows she likes crystals but instead of buying her one to show genuine care he buys a silly little toy that destroys everyone's lives. This movie does a nice job showing the difference between infatuation with the idea of a person vs actual care.",analysis,thematic argument supported by specific scene
"He tries the necklace on himself before dismissing it then picks the OWW. When the cashier remarks no necklace he replies no I like this. It's not about what Nikki wants only his wants.",analysis,close reading of specific action revealing character motivation
"Wish Nikki couldn't read — when Nikki was sitting on the couch reading before Bear went to work she was holding the book upside down. Then at the party she didn't read her Jenga block out loud presumably because she couldn't and thought what would a normal person do right now?",analysis,close reading of two specific visual details connecting them thematically
"I don't think she lacks the ability to read. I think it's more that she is so all-consumed with her feelings for Bear that she lacks the attention span for it.",hot_take,brief interpretive counter-claim no extended argument
"He knew the wish was in effect after the restaurant scene and chose to sleep with her anyway. This is rape. Curry confirmed this was SA.",hot_take,bold verdict citing director stated without elaboration
"Unpopular opinion: I don't think Bear raped Nikki. The sex scene that immediately follows Nikki's crashout at the cafe does not have enough context for me to justify being a rape scene.",hot_take,explicitly framed as unpopular contrarian take
"Curry barker confirmed this scene was SA — and Bear deliberately ignores that the wish worked when Ian calls him during his date. It literally shows his thought process putting two and two together and him finally believing it's real.",analysis,references director confirmation plus specific scene evidence
"I think she could just clearly didn't understand the rules of the game. The entity knows how to read since it knows how to write. It just doesn't know how to be normal.",analysis,logical argument distinguishing literacy from social knowledge
"I believe she could read and write. The reason she held the book upside down is because she had no interest in the book — all her attention and focus was on Bear. She was just trying to look normal not even realizing the book was upside down.",analysis,behavioral interpretation with reasoning
"It's not that deep. Do what you want.",hot_take,brief dismissive claim
"It will probably be one of the most popular couple's costume ideas this year.",hot_take,bold prediction no evidence
"Based on the body language and tone I actually took this scene as the first instance of Real Nikki conflicting with Wish Nikki. Her tone sounded like she felt uncomfortable saying it and the lack of eye contact confirms this discomfort. It's like she's outwardly saying more than anyone in the world but inwardly she's like why am I saying this?",analysis,close reading of specific performance details
"She gets nervous there because some part of her knows about the wish — confirmed in the poem and after she kills Sarah. This is important because the restaurant scene is when Bear is certain it's the wish and the scene that directly follows is the sexual assault scene. This establishes Bear's culpability beyond doubt.",analysis,references two specific scenes as evidence for character culpability argument
"The intent is that Bear has just been woken up in the dark and his brain is filling in the details but getting them wrong. It plays on the very common experience of getting spooked by a shadow when it's dark and you're tired. It creates a relatable moment that explains exactly how freaked out Bear should be.",analysis,directorial intent argument grounded in real human experience
"Her face contorts because she is fighting a battle of control with the real Nikki.",hot_take,brief unargued interpretive claim
"I take it as Wish Nikki not being able to emote genuine human emotions — the unnatural smile when sending Bear to work and the night sob. They can pass off as normal but something is clearly off.",analysis,behavioral pattern argument with specific examples
"I knew from the trivia scene that Ian and Nikki were hooking up because at the end of one shot Nikki steals Ian's hat. As all girls know this is a universal sign of flirting. Combined with Ian seeming to know how Nikki liked to be flirted with in the previous scene this immediately clued me in.",analysis,close reading of specific nonverbal cue as evidence
"Ian tried to sabotage Bear — he saw first hand that Bear's approach sits well with women. He proceeded to give him all the worst advice possible while also hooking up with her.",hot_take,bold verdict with minimal reasoning
"No we CANNOT talk about it. I'm still sleeping with a lamp on three weeks later.",reaction,humorous emotional response to lingering fear
"A lot of scenes in this movie were heavily inspired by Pulse/Kairo — the stepping out of the dark and blending in with the walls.",analysis,cross-film comparison with specific technique reference
"If you look closely she isn't really moving her mouth either. It's like when you wake up in the middle of the night and misinterpret something in the dark. The scene is supposed to make you feel uncomfortable in a way I haven't seen done before.",analysis,directorial technique argument with relatable comparison
"Bear trying to throw up the pills is totally in-character — Bear is clearly evil but always makes excuses and feels like the victim. Of course he would mess even this up in the end.",analysis,character consistency argument with specific scene evidence
"I personally saw it as Bear just not wanting to die — like people about to commit suicide who often realize too late that they wanted to live.",analysis,psychological interpretation of Bear's ending action
"Michael Johnston realized this guy doesn't get a Hero's Journey. He's not a hero in any way. He'll coward out just like he always has. Brilliant addition.",analysis,references actor's creative decision and its thematic significance
"To be a successful writer.",hot_take,brief confident claim no reasoning
"Nikki literally tells her wish earlier — she says to Bear she wishes to experience true romance. That's why she's leaving her job. She seems more focused on the art than the results so probably she wouldn't just wish for instant success.",analysis,specific dialogue reference supporting character interpretation
"She would not make the wish but appreciate the gesture and keep it unbroken. Hopefully in that reality Bear can build up the courage to ask her out.",hot_take,speculative claim about alternate scenario
"I kinda feel bad for Freaky Nikki. She was made specifically to love Bear. She didn't ask to be born and had no choice and yet nothing she did was right.",reaction,emotional sympathy response toward a character
"Freaky Nikki knowing she was created by a wish is so interesting — usually in wish movies the person doesn't understand how they were formed but when Nikki says the poem she clearly understands she was created for Bear and when Sarah is killed she blames Bear saying he wished for this.",analysis,thematic argument about how the film subverts a genre convention
"Bear's wish willed the entity into existence so it exists for one purpose: to love Bear as he wished for. This is why when he leaves for work she stands idle — she has nothing else to do or live for except Bear.",analysis,structured causal argument about wish mechanics
"It's also sad to see when they're arguing after the party right before she does her creepy backward walk. Bear's begging for her to just be normal but she screams back admitting she can't be like Nikki — only the version Bear created.",analysis,close reading of specific scene and dialogue
"When Bear dies and the wish is over Nikki remembers every single thing that has happened since the wish was made. Can you imagine how horrific that would be?",reaction,emotional response amplified by director-confirmed detail
"The love is entirely manufactured but it's also the truest and most pure thing Freaky Nikki knows. She is hardwired to work for Bear's love. Bear's obsession and twisted misunderstanding of love was a driving factor in the results of his wish — he got what he really wished for being the object of Nikki's obsession.",analysis,thematic argument connecting Bear's psychology to wish outcome
"Bear did exactly what he always would have done. I don't believe he was ever capable of doing the right thing after the wish had been made.",hot_take,bold character verdict no supporting argument
"I saw an interview clip of Curry Barker directly saying his main desire is for people to leave the movie asking what was the right thing to do. Everything Bear does is to protect himself. Wish Nikki went into a cycle of constantly escalating because she can never love Bear as much as he loves himself.",analysis,references director interview plus structured character argument
"Immediately get another OWW and get someone to wish he didn't make the wish. Anyone. He didn't actually want that until he was an accomplice for murder.",hot_take,brief bold claim with blunt verdict
"Tell Sarah. Unlike everyone else in his life Sarah has all the motive to undo the wish. Even Sarah's actress Megan Lawless thinks she would have done it.",analysis,logical argument referencing confirmed cast commentary
"He knew almost immediately — he was just ignoring it to believe what he wanted to believe.",hot_take,short punchy claim no elaboration
"I think the thought I just wish this person liked me back is a very human thing. It's your own responsibility to get over that but it's not evil. What counts is if you act on these impulses. That is still a choice.",analysis,ethical argument distinguishing thought from action
"People judge too hard because they have the all-knowing viewer perspective where it is totally obvious what is going on. From Bear's perspective it is not at all. Magic doesn't exist to our knowledge so assuming the wish did anything seems fallacious until there is no other explanation.",analysis,perspective-based defense of Bear using viewer vs character knowledge gap
"I was through with him the second he slept with her for the first time. She just quit her job. She says she feels unloved. She's clearly not okay. Even if she is your crush you just don't sleep with someone in that state.",reaction,personal moral reaction to specific scene
"She didn't go crazy until he questioned her at the restaurant so as long as he stayed a perfect boyfriend to her they would live happily ever after.",hot_take,sarcastic/ironic bold claim
"Nikki never stopped looking at Bear in this scene — as soon as it begins you can see her head in the blurred background turn slowly towards Bear and her gaze never breaks until the very end when Bear asks if she's still looking.",analysis,close reading of specific cinematographic choice
"The way this is shot is meant to draw your attention to her regardless of the fact that she's out of focus. The same way the brick scene with Sarah is shot so you're watching the window — even though you know it's coming it still makes you jump. Some brilliant cinematography all throughout this film.",analysis,directorial technique argument with specific scene comparison
"This movie is something special and revitalized that feeling I used to feel when horror films actually creeped me out and would linger in my head for days.",reaction,personal emotional response to film's lasting impact
"Maybe the Willow needs both the perfect phrasing and the right emotions. Bear made the wish in a moment of desperation. On the other hand Ian's wish was simple and wasn't related to any specific person so it just came true without bad consequences.",analysis,comparative argument using two in-film examples
"The wish implies more than anything. More than anything doesn't mean just a little more — it implies obsessive levels. When you want something more than anything it means it's your main goal and everything else comes second.",analysis,linguistic/semantic argument about wish wording
"I think so much of the film is about the selfishness of desire versus the selflessness of authentic love. Ian and Sarah continue to act from a place of self-interest rather than genuine concern. Nikki was really let down in all directions here.",analysis,thematic argument extending blame beyond Bear with specific examples
"The movie is about desires what we're willing to do to get them and what we're willing to do to keep them. Bear is our perspective character so we see his worst actions. But everybody failed to act in support of Nikki when she needed it for fear of losing what they had.",analysis,thematic argument about the film's broader scope
"No one was there for Nikki in this movie.",hot_take,short bold claim no argument
"It's about all of their inactions — Ian doesn't tell Bear about him and Nikki. Sarah doesn't tell Bear how she feels. Bear doesn't tell Nikki how he feels. Nikki doesn't tell Bear how she feels. Normally this just turns into a drunken shit show at a party but it's way more entertaining as a horror movie with a morally dubious magic item.",analysis,structured argument about collective failure with humor
"From Sarah's view her best friend just went after her crush after promising she only saw him as a brother. Now she's acting like a completely different person. She's still wrong for not going to the hospital but it makes sense they're not as close anymore.",analysis,perspective-based defense of Sarah with reasoning
"He needs a wish lawyer.",hot_take,pure joke/one-liner
"The director said it made her evil because it was an evil wish — you can't take away someone's free will and autonomy and have it turn out good. I like thinking the OWW follows the same rules as the genie in Aladdin — no murder no raising from the dead and no making anyone fall in love with anybody else.",analysis,references director statement plus cross-film comparison
"Maybe Freaky Nikki was what Bear thought to be a kind of person that loves him more than anyone in the world and that was what the wish manifested.",hot_take,speculative interpretive claim no supporting evidence
"People call him cowardly for not being able to kill himself. And I don't think I could do it. Actually pulling the trigger and killing yourself is a very hard thing to do. It goes against every fiber of our being.",reaction,personal emotional reflection on Bear's final act
